Workbook
Name CategoryCode: Configuration!$B$3:$B$33
Name CategoryName: Configuration!$C$3:$C$33
Name LanguageNames: Configuration!$F$3:$F$34
Name Languages: Configuration!$D$3:$D$34
Name LanguagesES: Configuration!$E$3:$E$34
Name QuestionTypes: Configuration!$G$3:$G$9

Sheet Questions
C2: =IF(ISBLANK(C3),"",INDEX(LanguageNames,MATCH(C3,Languages,0))) -> Español
A3: Choose Language: | C3: es | D3: Questions template (Plantilla para preguntas)
A4: (selecciona el idioma) | C4: =IF(ISBLANK(C3),"",INDEX(LanguagesES,MATCH(C3,Languages,0))) -> Español
A6: N | B6: Category Name (nombre categoría) | C6: Type (tipo) | D6: Question (pregunta) | E6: Correct Answer (Respuesta correcta) | F6: Option 1 (opción 1) | G6: Option 2 (opción 2) | H6: Option 3 (opción 3) | I6: 100 | J6: Start Date
A7: =IF(NOT(OR(ISBLANK(B7),ISBLANK(C7),ISBLANK(D7),ISBLANK(E7))),1,"") -> 1 | B7: QUIZ | C7: Text | D7: ¿Cuál es el foco principal del Plan de Trabajo para el 1er Ciclo 2026? | E7: Proteína Adubén 4D | F7: Expansión de la gama Energy | G7: Nuevos sabores de Advanced | I7: =IF(ISBLANK(H7),"",LEN(H7))
A8: =IF(NOT(OR(ISBLANK(B8),ISBLANK(C8),ISBLANK(D8),ISBLANK(E8))),A7+1,"") -> 2 | B8: QUIZ | C8: Text | D8: ¿Qué porcentaje del mercado de Nutrición Enteral corresponde a dietas hiperproteicas? | E8: Más del 80% | F8: Alrededor del 50% | G8: Menos del 25% | I8: =IF(ISBLANK(H8),"",LEN(H8))
A9: =IF(NOT(OR(ISBLANK(B9),ISBLANK(C9),ISBLANK(D9),ISBLANK(E9))),A8+1,"") -> 3 | B9: QUIZ | C9: Text | D9: ¿Cuál es el lema o concepto central de la campaña 2026? | E9: De la Visión a la Victoria | F9: Nutrición para todos | G9: Innovación y Futuro | I9: =IF(ISBLANK(H9),"",LEN(H9))
A10: =IF(NOT(OR(ISBLANK(B10),ISBLANK(C10),ISBLANK(D10),ISBLANK(E10))),A9+1,"") -> 4 | B10: QUIZ | C10: Text | D10: ¿En qué proporción se combinan las proteínas en la Proteína 4D? | E10: 30% suero / 70% caseína | F10: 50% suero / 50% caseína | G10: 70% suero / 30% caseína | I10: =IF(ISBLANK(H10),"",LEN(H10))
A11: =IF(NOT(OR(ISBLANK(B11),ISBLANK(C11),ISBLANK(D11),ISBLANK(E11))),A10+1,"") -> 5 | B11: QUIZ | C11: Text | D11: ¿Cuál es el beneficio clínico del suero lácteo en la fórmula? | E11: Estimula el anabolismo inicial | F11: Mantiene la síntesis prolongada | G11: Mejora el sabor del producto | I11: =IF(ISBLANK(H11),"",LEN(H11))
A12: =IF(NOT(OR(ISBLANK(B12),ISBLANK(C12),ISBLANK(D12),ISBLANK(E12))),A11+1,"") -> 6 | B12: QUIZ | C12: Text | D12: ¿Cuál es la función de la caseína en la ventana anabólica? | E12: Mantiene la síntesis en el tiempo | F12: Produce un pico rápido de aminoácidos | G12: Facilita la disolución instantánea | I12: =IF(ISBLANK(H12),"",LEN(H12))
A13: =IF(NOT(OR(ISBLANK(B13),ISBLANK(C13),ISBLANK(D13),ISBLANK(E13))),A12+1,"") -> 7 | B13: QUIZ | C13: Text | D13: ¿Qué dimensión de la Proteína 4D se refiere a "más proteína en menos volumen"? | E13: Densidad | F13: Distribución | G13: Digestibilidad | I13: =IF(ISBLANK(H13),"",LEN(H13))
A14: =IF(NOT(OR(ISBLANK(B14),ISBLANK(C14),ISBLANK(D14),ISBLANK(E14))),A13+1,"") -> 8 | B14: QUIZ | C14: Text | D14: ¿Cuál es el primer objetivo estratégico del ciclo? | E14: Consolidar Adubén como referencia de calidad | F14: Lanzar una nueva línea de productos | G14: Reducir los costes de producción | I14: =IF(ISBLANK(H14),"",LEN(H14))
A15: =IF(NOT(OR(ISBLANK(B15),ISBLANK(C15),ISBLANK(D15),ISBLANK(E15))),A14+1,"") -> 9 | B15: QUIZ | C15: Text | D15: ¿Cuál es el orden de promoción prioritario para enero y febrero? | E15: 1º Advanced, 2º Diabetes, 3º Espesante | F15: 1º Espesante, 2º Diabetes, 3º Advanced | G15: 1º Diabetes, 2º Advanced, 3º Espesante | I15: =IF(ISBLANK(H15),"",LEN(H15))
A16: =IF(NOT(OR(ISBLANK(B16),ISBLANK(C16),ISBLANK(D16),ISBLANK(E16))),A15+1,"") -> 10 | B16: QUIZ | C16: Text | D16: ¿Qué componente es la base del Adubén Espesante Claro? | E16: Goma Xantana | F16: Almidón de maíz | G16: Gelatina animal | I16: =IF(ISBLANK(H16),"",LEN(H16))
A17: =IF(NOT(OR(ISBLANK(B17),ISBLANK(C17),ISBLANK(D17),ISBLANK(E17))),A16+1,"") -> 11 | B17: QUIZ | C17: Text | D17: ¿Qué característica diferencial tiene el Espesante Claro? | E17: Resistente a la amilasa salival | F17: Cambia el color del líquido | G17: Solo funciona en líquidos fríos | I17: =IF(ISBLANK(H17),"",LEN(H17))
A18: =IF(NOT(OR(ISBLANK(B18),ISBLANK(C18),ISBLANK(D18),ISBLANK(E18))),A17+1,"") -> 12 | B18: QUIZ | C18: Text | D18: ¿Cuál es el target médico prioritario para la Proteína 4D? | E18: Endo, Geriatría, MI y Oncología | F18: Pediatría y Alergología | G18: Cardiología y Neumología | I18: =IF(ISBLANK(H18),"",LEN(H18))
A19: =IF(NOT(OR(ISBLANK(B19),ISBLANK(C19),ISBLANK(D19),ISBLANK(E19))),A18+1,"") -> 13 | B19: QUIZ | C19: Text | D19: ¿De qué trata el primer episodio del Adubén Podcast? | E19: IA en Nutrición Clínica | F19: Sarcopenia en el anciano | G19: Manejo de la disfagia | I19: =IF(ISBLANK(H19),"",LEN(H19))
... A31: =IF(NOT(OR(ISBLANK(B31),ISBLANK(C31),ISBLANK(D31),ISBLANK(E31))),A30+1,"") -> 25 | B31: QUIZ | C31: Text | D31: ¿Qué acción se propone al médico al cierre de la visita? | E31: Probar Adubén en un paciente y dar feedback | F31: Firmar un contrato de exclusividad | G31: Leer un libro de fisiología | I31: =IF(ISBLANK(H31),"",LEN(H31))
A32: =IF(NOT(OR(ISBLANK(B32),ISBLANK(C32),ISBLANK(D32),ISBLANK(E32))),A31+1,"") | I32: =IF(ISBLANK(H32),"",LEN(H32))
A33: =IF(NOT(OR(ISBLANK(B33),ISBLANK(C33),ISBLANK(D33),ISBLANK(E33))),A32+1,"") | I33: =IF(ISBLANK(H33),"",LEN(H33))
A34: =IF(NOT(OR(ISBLANK(B34),ISBLANK(C34),ISBLANK(D34),ISBLANK(E34))),A33+1,"") | I34: =IF(ISBLANK(H34),"",LEN(H34))
A35: =IF(NOT(OR(ISBLANK(B35),ISBLANK(C35),ISBLANK(D35),ISBLANK(E35))),A34+1,"") | I35: =IF(ISBLANK(H35),"",LEN(H35))
A36: =IF(NOT(OR(ISBLANK(B36),ISBLANK(C36),ISBLANK(D36),ISBLANK(E36))),A35+1,"") | I36: =IF(ISBLANK(H36),"",LEN(H36))
A37: =IF(NOT(OR(ISBLANK(B37),ISBLANK(C37),ISBLANK(D37),ISBLANK(E37))),A36+1,"") | I37: =IF(ISBLANK(H37),"",LEN(H37))
A38: =IF(NOT(OR(ISBLANK(B38),ISBLANK(C38),ISBLANK(D38),ISBLANK(E38))),A37+1,"") | I38: =IF(ISBLANK(H38),"",LEN(H38))
A39: =IF(NOT(OR(ISBLANK(B39),ISBLANK(C39),ISBLANK(D39),ISBLANK(E39))),A38+1,"") | I39: =IF(ISBLANK(H39),"",LEN(H39))
A40: =IF(NOT(OR(ISBLANK(B40),ISBLANK(C40),ISBLANK(D40),ISBLANK(E40))),A39+1,"") | I40: =IF(ISBLANK(H40),"",LEN(H40))
A41: =IF(NOT(OR(ISBLANK(B41),ISBLANK(C41),ISBLANK(D41),ISBLANK(E41))),A40+1,"") | I41: =IF(ISBLANK(H41),"",LEN(H41))
A42: =IF(NOT(OR(ISBLANK(B42),ISBLANK(C42),ISBLANK(D42),ISBLANK(E42))),A41+1,"") | I42: =IF(ISBLANK(H42),"",LEN(H42))
A43: =IF(NOT(OR(ISBLANK(B43),ISBLANK(C43),ISBLANK(D43),ISBLANK(E43))),A42+1,"") | I43: =IF(ISBLANK(H43),"",LEN(H43))
... A1006: =IF(NOT(OR(ISBLANK(B1006),ISBLANK(C1006),ISBLANK(D1006),ISBLANK(E1006))),A1005+1,"") | I1006: =IF(ISBLANK(H1006),"",LEN(H1006))

Sheet Configuration
B2: Category Code | C2: Category Name | D2: Languages | E2: Language ES | F2: Language Names | G2: QuestionTypes
B3: cat-01 | C3: TEST | D3: es | E3: Español | F3: Español | G3: Text
B4: cat-02 | C4: QUIZ | D4: en | E4: Inglés | F4: English | G4: Photo
B5: cat-03 | C5: ETAPA 1 | D5: it | E5: Italiano | F5: Italiano | G5: Video
B6: cat-04 | C6: ETAPA 2 | D6: fr | E6: Francés | F6: Français | G6: Audio
B7: cat-05 | C7: ETAPA 3 | D7: de | E7: Alemán | F7: Deutsch | G7: Images
B8: cat-06 | C8: ETAPA 4 | D8: pt | E8: Portugués | F8: Português | G8: HotSpot
B9: cat-07 | C9: RC AGOSTO 2025 | D9: pt_BR | E9: Brasileño | F9: Português (BR) | G9: FreeText
B10: cat-08 | C10: 3er CICLO 2025 | D10: ru | E10: Ruso | F10: русский
D11: nl | E11: Holandés Dutch | F11: Nederlands
D12: zh | E12: Chino Mandarín Simplificado | F12: 中国
D13: jp | E13: Japones | F13: 日本人
D14: pl | E14: Polaco | F14: Polski
D15: gr | E15: Griego | F15: Ελληνικά
D16: ro | E16: Rumano | F16: Română
D17: ca_ES | E17: Catalán | F17: Català
D18: eu | E18: Euskera | F18: Euskara
D19: mx | E19: Mexicano | F19: Español Mexicano
D20: hu | E20: Húngaro | F20: Magyar
D21: hr | E21: Croata | F21: Hrvatski
D22: sr | E22: Serbio | F22: Српски
... D34: uk | E34: Ucraniano | F34: Ukrainian

Sheet Questions_process
A1: Id | B1: Question | C1: Correct Answer | D1: Answer 2 | E1: Answer 3 | F1: Answer 4 | G1: Category code | H1: Lang | I1: Question Type | J1: Start Date
A2: =IF(ISBLANK(Questions!A7),"",Questions!A7) -> 1 | B2: =IF(ISBLANK(Questions!D7),"",Questions!D7) -> ¿Cuál es el foco principal del Plan de Trabajo para el 1er Ciclo 2026? | C2: =IF(ISBLANK(Questions!E7),"",Questions!E7) -> Proteína Adubén 4D | D2: =IF(ISBLANK(Questions!F7),"",Questions!F7) -> Expansión de la gama Energy | E2: =IF(ISBLANK(Questions!G7),"",Questions!G7) -> Nuevos sabores de Advanced | F2: =IF(ISBLANK(Questions!H7),"",Questions!H7) | G2: =IF(EXACT(Questions!A7,""),"",INDEX(CategoryCode,MATCH(Questions!B7, CategoryName,0))) -> cat-02 | H2: =IF(EXACT(Questions!A7,""),"",Questions!$C$3) -> es | I2: =IF(ISBLANK(Questions!C7),"",Questions!C7) -> Text | J2: =IF(ISBLANK(Questions!J7),"",Questions!J7)
A3: =IF(ISBLANK(Questions!A8),"",Questions!A8) -> 2 | B3: =IF(ISBLANK(Questions!D8),"",Questions!D8) -> ¿Qué porcentaje del mercado de Nutrición Enteral corresponde a dietas hiperproteicas? | C3: =IF(ISBLANK(Questions!E8),"",Questions!E8) -> Más del 80% | D3: =IF(ISBLANK(Questions!F8),"",Questions!F8) -> Alrededor del 50% | E3: =IF(ISBLANK(Questions!G8),"",Questions!G8) -> Menos del 25% | F3: =IF(ISBLANK(Questions!H8),"",Questions!H8) | G3: =IF(EXACT(Questions!A8,""),"",INDEX(CategoryCode,MATCH(Questions!B8, CategoryName,0))) -> cat-02 | H3: =IF(EXACT(Questions!A8,""),"",Questions!$C$3) -> es | I3: =IF(ISBLANK(Questions!C8),"",Questions!C8) -> Text | J3: =IF(ISBLANK(Questions!J8),"",Questions!J8)
A4: =IF(ISBLANK(Questions!A9),"",Questions!A9) -> 3 | B4: =IF(ISBLANK(Questions!D9),"",Questions!D9) -> ¿Cuál es el lema o concepto central de la campaña 2026? | C4: =IF(ISBLANK(Questions!E9),"",Questions!E9) -> De la Visión a la Victoria | D4: =IF(ISBLANK(Questions!F9),"",Questions!F9) -> Nutrición para todos | E4: =IF(ISBLANK(Questions!G9),"",Questions!G9) -> Innovación y Futuro | F4: =IF(ISBLANK(Questions!H9),"",Questions!H9) | G4: =IF(EXACT(Questions!A9,""),"",INDEX(CategoryCode,MATCH(Questions!B9, CategoryName,0))) -> cat-02 | H4: =IF(EXACT(Questions!A9,""),"",Questions!$C$3) -> es | I4: =IF(ISBLANK(Questions!C9),"",Questions!C9) -> Text | J4: =IF(ISBLANK(Questions!J9),"",Questions!J9)
A5: =IF(ISBLANK(Questions!A10),"",Questions!A10) -> 4 | B5: =IF(ISBLANK(Questions!D10),"",Questions!D10) -> ¿En qué proporción se combinan las proteínas en la Proteína 4D? | C5: =IF(ISBLANK(Questions!E10),"",Questions!E10) -> 30% suero / 70% caseína | D5: =IF(ISBLANK(Questions!F10),"",Questions!F10) -> 50% suero / 50% caseína | E5: =IF(ISBLANK(Questions!G10),"",Questions!G10) -> 70% suero / 30% caseína | F5: =IF(ISBLANK(Questions!H10),"",Questions!H10) | G5: =IF(EXACT(Questions!A10,""),"",INDEX(CategoryCode,MATCH(Questions!B10, CategoryName,0))) -> cat-02 | H5: =IF(EXACT(Questions!A10,""),"",Questions!$C$3) -> es | I5: =IF(ISBLANK(Questions!C10),"",Questions!C10) -> Text | J5: =IF(ISBLANK(Questions!J10),"",Questions!J10)
A6: =IF(ISBLANK(Questions!A11),"",Questions!A11) -> 5 | B6: =IF(ISBLANK(Questions!D11),"",Questions!D11) -> ¿Cuál es el beneficio clínico del suero lácteo en la fórmula? | C6: =IF(ISBLANK(Questions!E11),"",Questions!E11) -> Estimula el anabolismo inicial | D6: =IF(ISBLANK(Questions!F11),"",Questions!F11) -> Mantiene la síntesis prolongada | E6: =IF(ISBLANK(Questions!G11),"",Questions!G11) -> Mejora el sabor del producto | F6: =IF(ISBLANK(Questions!H11),"",Questions!H11) | G6: =IF(EXACT(Questions!A11,""),"",INDEX(CategoryCode,MATCH(Questions!B11, CategoryName,0))) -> cat-02 | H6: =IF(EXACT(Questions!A11,""),"",Questions!$C$3) -> es | I6: =IF(ISBLANK(Questions!C11),"",Questions!C11) -> Text | J6: =IF(ISBLANK(Questions!J11),"",Questions!J11)
A7: =IF(ISBLANK(Questions!A12),"",Questions!A12) -> 6 | B7: =IF(ISBLANK(Questions!D12),"",Questions!D12) -> ¿Cuál es la función de la caseína en la ventana anabólica? | C7: =IF(ISBLANK(Questions!E12),"",Questions!E12) -> Mantiene la síntesis en el tiempo | D7: =IF(ISBLANK(Questions!F12),"",Questions!F12) -> Produce un pico rápido de aminoácidos | E7: =IF(ISBLANK(Questions!G12),"",Questions!G12) -> Facilita la disolución instantánea | F7: =IF(ISBLANK(Questions!H12),"",Questions!H12) | G7: =IF(EXACT(Questions!A12,""),"",INDEX(CategoryCode,MATCH(Questions!B12, CategoryName,0))) -> cat-02 | H7: =IF(EXACT(Questions!A12,""),"",Questions!$C$3) -> es | I7: =IF(ISBLANK(Questions!C12),"",Questions!C12) -> Text | J7: =IF(ISBLANK(Questions!J12),"",Questions!J12)
A8: =IF(ISBLANK(Questions!A13),"",Questions!A13) -> 7 | B8: =IF(ISBLANK(Questions!D13),"",Questions!D13) -> ¿Qué dimensión de la Proteína 4D se refiere a "más proteína en menos volumen"? | C8: =IF(ISBLANK(Questions!E13),"",Questions!E13) -> Densidad | D8: =IF(ISBLANK(Questions!F13),"",Questions!F13) -> Distribución | E8: =IF(ISBLANK(Questions!G13),"",Questions!G13) -> Digestibilidad | F8: =IF(ISBLANK(Questions!H13),"",Questions!H13) | G8: =IF(EXACT(Questions!A13,""),"",INDEX(CategoryCode,MATCH(Questions!B13, CategoryName,0))) -> cat-02 | H8: =IF(EXACT(Questions!A13,""),"",Questions!$C$3) -> es | I8: =IF(ISBLANK(Questions!C13),"",Questions!C13) -> Text | J8: =IF(ISBLANK(Questions!J13),"",Questions!J13)
A9: =IF(ISBLANK(Questions!A14),"",Questions!A14) -> 8 | B9: =IF(ISBLANK(Questions!D14),"",Questions!D14) -> ¿Cuál es el primer objetivo estratégico del ciclo? | C9: =IF(ISBLANK(Questions!E14),"",Questions!E14) -> Consolidar Adubén como referencia de calidad | D9: =IF(ISBLANK(Questions!F14),"",Questions!F14) -> Lanzar una nueva línea de productos | E9: =IF(ISBLANK(Questions!G14),"",Questions!G14) -> Reducir los costes de producción | F9: =IF(ISBLANK(Questions!H14),"",Questions!H14) | G9: =IF(EXACT(Questions!A14,""),"",INDEX(CategoryCode,MATCH(Questions!B14, CategoryName,0))) -> cat-02 | H9: =IF(EXACT(Questions!A14,""),"",Questions!$C$3) -> es | I9: =IF(ISBLANK(Questions!C14),"",Questions!C14) -> Text | J9: =IF(ISBLANK(Questions!J14),"",Questions!J14)
A10: =IF(ISBLANK(Questions!A15),"",Questions!A15) -> 9 | B10: =IF(ISBLANK(Questions!D15),"",Questions!D15) -> ¿Cuál es el orden de promoción prioritario para enero y febrero? | C10: =IF(ISBLANK(Questions!E15),"",Questions!E15) -> 1º Advanced, 2º Diabetes, 3º Espesante | D10: =IF(ISBLANK(Questions!F15),"",Questions!F15) -> 1º Espesante, 2º Diabetes, 3º Advanced | E10: =IF(ISBLANK(Questions!G15),"",Questions!G15) -> 1º Diabetes, 2º Advanced, 3º Espesante | F10: =IF(ISBLANK(Questions!H15),"",Questions!H15) | G10: =IF(EXACT(Questions!A15,""),"",INDEX(CategoryCode,MATCH(Questions!B15, CategoryName,0))) -> cat-02 | H10: =IF(EXACT(Questions!A15,""),"",Questions!$C$3) -> es | I10: =IF(ISBLANK(Questions!C15),"",Questions!C15) -> Text | J10: =IF(ISBLANK(Questions!J15),"",Questions!J15)
A11: =IF(ISBLANK(Questions!A16),"",Questions!A16) -> 10 | B11: =IF(ISBLANK(Questions!D16),"",Questions!D16) -> ¿Qué componente es la base del Adubén Espesante Claro? | C11: =IF(ISBLANK(Questions!E16),"",Questions!E16) -> Goma Xantana | D11: =IF(ISBLANK(Questions!F16),"",Questions!F16) -> Almidón de maíz | E11: =IF(ISBLANK(Questions!G16),"",Questions!G16) -> Gelatina animal | F11: =IF(ISBLANK(Questions!H16),"",Questions!H16) | G11: =IF(EXACT(Questions!A16,""),"",INDEX(CategoryCode,MATCH(Questions!B16, CategoryName,0))) -> cat-02 | H11: =IF(EXACT(Questions!A16,""),"",Questions!$C$3) -> es | I11: =IF(ISBLANK(Questions!C16),"",Questions!C16) -> Text | J11: =IF(ISBLANK(Questions!J16),"",Questions!J16)
A12: =IF(ISBLANK(Questions!A17),"",Questions!A17) -> 11 | B12: =IF(ISBLANK(Questions!D17),"",Questions!D17) -> ¿Qué característica diferencial tiene el Espesante Claro? | C12: =IF(ISBLANK(Questions!E17),"",Questions!E17) -> Resistente a la amilasa salival | D12: =IF(ISBLANK(Questions!F17),"",Questions!F17) -> Cambia el color del líquido | E12: =IF(ISBLANK(Questions!G17),"",Questions!G17) -> Solo funciona en líquidos fríos | F12: =IF(ISBLANK(Questions!H17),"",Questions!H17) | G12: =IF(EXACT(Questions!A17,""),"",INDEX(CategoryCode,MATCH(Questions!B17, CategoryName,0))) -> cat-02 | H12: =IF(EXACT(Questions!A17,""),"",Questions!$C$3) -> es | I12: =IF(ISBLANK(Questions!C17),"",Questions!C17) -> Text | J12: =IF(ISBLANK(Questions!J17),"",Questions!J17)
A13: =IF(ISBLANK(Questions!A18),"",Questions!A18) -> 12 | B13: =IF(ISBLANK(Questions!D18),"",Questions!D18) -> ¿Cuál es el target médico prioritario para la Proteína 4D? | C13: =IF(ISBLANK(Questions!E18),"",Questions!E18) -> Endo, Geriatría, MI y Oncología | D13: =IF(ISBLANK(Questions!F18),"",Questions!F18) -> Pediatría y Alergología | E13: =IF(ISBLANK(Questions!G18),"",Questions!G18) -> Cardiología y Neumología | F13: =IF(ISBLANK(Questions!H18),"",Questions!H18) | G13: =IF(EXACT(Questions!A18,""),"",INDEX(CategoryCode,MATCH(Questions!B18, CategoryName,0))) -> cat-02 | H13: =IF(EXACT(Questions!A18,""),"",Questions!$C$3) -> es | I13: =IF(ISBLANK(Questions!C18),"",Questions!C18) -> Text | J13: =IF(ISBLANK(Questions!J18),"",Questions!J18)
... A1001: =IF(ISBLANK(Questions!A1006),"",Questions!A1006) | B1001: =IF(ISBLANK(Questions!D1006),"",Questions!D1006) | C1001: =IF(ISBLANK(Questions!E1006),"",Questions!E1006) | D1001: =IF(ISBLANK(Questions!F1006),"",Questions!F1006) | E1001: =IF(ISBLANK(Questions!G1006),"",Questions!G1006) | F1001: =IF(ISBLANK(Questions!H1006),"",Questions!H1006) | G1001: =IF(EXACT(Questions!A1006,""),"",INDEX(CategoryCode,MATCH(Questions!B1006, CategoryName,0))) | H1001: =IF(EXACT(Questions!A1006,""),"",Questions!$C$3) | I1001: =IF(ISBLANK(Questions!C1006),"",Questions!C1006) | J1001: =IF(ISBLANK(Questions!J1006),"",Questions!J1006)
